card_type,title,image_url,image_alt,price,full_title
Gift Fund,Plates and Bowls,https://m.media-amazon.com/images/G/01/img18/home/awr/desktop/anytime.jpg,Plates and Bowls,300.0,
Registry Product,"Bayting Bamboo Drawer Organizer Set, 5-Piece Stora...","https://m.media-amazon.com/images/I/71jy-4rUzAL._SR500,500_.jpg","Bayting Bamboo Drawer Organizer Set, 5-Piece Storage Trays for Kitchen, Bathroom, Office Desk, Makeup & Junk Drawers,Ute",19.99,"Bayting Bamboo Drawer Organizer Set, 5-Piece Storage Trays for Kitchen, Bathroom, Office Desk, Makeup & Junk Drawers,Utensils"
Registry Product,Norme 5 Quart Stainless Steel Silver Colander and ...,"https://m.media-amazon.com/images/I/81onVCQW0HL._SR500,500_.jpg","Norme 5 Quart Stainless Steel Silver Colander and 3 Pcs Silver Fine Mesh Strainer, Stainless Steel Pasta Rice Food Metal",26.99,"Norme 5 Quart Stainless Steel Silver Colander and 3 Pcs Silver Fine Mesh Strainer, Stainless Steel Pasta Rice Food Metal Strainer with Handles, Easy Clean and Dishwasher Safe"
Registry Product,"Winco Stainless Steel Ladle, 8-Ounce","https://m.media-amazon.com/images/I/61ivK7wBIgL._SR500,500_.jpg","Winco Stainless Steel Ladle, 8-Ounce",9.93,"Winco Stainless Steel Ladle, 8-Ounce"
Registry Product,"Cuisinel Cast Iron Skillet with Lid - 12""-inch Pre...","https://m.media-amazon.com/images/I/81DYJU-JIWL._SR500,500_.jpg","Cuisinel Cast Iron Skillet with Lid - 12""-inch Pre-Seasoned Covered Frying Pan Set + Silicone Handle & Lid Holders + Scr",58.99,"Cuisinel Cast Iron Skillet with Lid - 12""-inch Pre-Seasoned Covered Frying Pan Set + Silicone Handle & Lid Holders + Scraper/Cleaner - Indoor/Outdoor, Oven, Stovetop, Camping Fire, Grill Safe Cookware"
Registry Product,"Silicone Freezer Trays with Lids, 1-Cup Soup Conta...","https://m.media-amazon.com/images/I/71LGyzdVZQL._SR500,500_.jpg","Silicone Freezer Trays with Lids, 1-Cup Soup Container Style Ice Cube Trays for Freezer - Leakproof, Dishwasher,Oven Saf",13.99,"Silicone Freezer Trays with Lids, 1-Cup Soup Container Style Ice Cube Trays for Freezer - Leakproof, Dishwasher,Oven Safe, Stackable, Ideal for Frozen Broth, Leftovers & Meal Prep, BPA Free 2 Pack"
Registry Product,Energizer Power Plus Rechargeable AAA Batteries (4...,"https://m.media-amazon.com/images/I/71WGk3MdJHL._SR500,500_.jpg","Energizer Power Plus Rechargeable AAA Batteries (4 Pack), 800mAh Triple A Batteries",9.29,"Energizer Power Plus Rechargeable AAA Batteries (4 Pack), 800mAh Triple A Batteries"
Registry Product,Energizer Recharge Pro Rechargeable AAA and AA Bat...,"https://m.media-amazon.com/images/I/715qIffyJuL._SR500,500_.jpg","Energizer Recharge Pro Rechargeable AAA and AA Battery Charger With 4 NiMh Rechargeable AA Batteries, Provides a Full Ch",16.99,"Energizer Recharge Pro Rechargeable AAA and AA Battery Charger With 4 NiMh Rechargeable AA Batteries, Provides a Full Charge in 3 Hours"
Registry Product,ZIKIBL Stone Bath Mat Diatomaceous Earth Shower Ma...,"https://m.media-amazon.com/images/I/71aBreay2OL._SR500,500_.jpg",ZIKIBL Stone Bath Mat Diatomaceous Earth Shower Mat Non-Slip Super Absorbent Diatomite Stone Mats for Bathroom Floor Qui,29.99,ZIKIBL Stone Bath Mat Diatomaceous Earth Shower Mat Non-Slip Super Absorbent Diatomite Stone Mats for Bathroom Floor Quick-Drying Easy to Clean (24''*16'' Grey)
Registry Product,KIVY Large Butter Dish with Lid - Fits 2 Butter St...,"https://m.media-amazon.com/images/I/71ihVStuFJL._SR500,500_.jpg","KIVY Large Butter Dish with Lid - Fits 2 Butter Sticks and Wider Sizes (Kerrygold, European Styles, Eastern, Western) - ",25.99,"KIVY Large Butter Dish with Lid - Fits 2 Butter Sticks and Wider Sizes (Kerrygold, European Styles, Eastern, Western) - 2 Stick Butter Dish - Glass & Bamboo"
Registry Product,"SupMaKin Upgrade Safe Mandoline Slicer, Multi Vege...","https://m.media-amazon.com/images/I/71-ChXUp4gL._SR500,500_.jpg","SupMaKin Upgrade Safe Mandoline Slicer, Multi Vegetable Chopper, Potato Slicer, Vegetables Slicer Onion Chopper Fry Cutt",49.99,"SupMaKin Upgrade Safe Mandoline Slicer, Multi Vegetable Chopper, Potato Slicer, Vegetables Slicer Onion Chopper Fry Cutter, Kitchen Chopping Artifact (GrayWhite)"
Registry Product,"ThermoMaven Professional Meat Thermometer Digital,...","https://m.media-amazon.com/images/I/817z3M-H+lL._SR500,500_.jpg","ThermoMaven Professional Meat Thermometer Digital, Ultra-Fast 0.5 Sec Instant Read, NIST Certified ±0.5°F Accuracy, IP67",29.99,"ThermoMaven Professional Meat Thermometer Digital, Ultra-Fast 0.5 Sec Instant Read, NIST Certified ±0.5°F Accuracy, IP67 Waterproof, Auto-Rotating Backlit Display, Lift-to-Wake, for BBQ/Cooking/Candy"
Registry Product,"OXO Good Grips 3 Piece Silicone Spatula Set, One S...","https://m.media-amazon.com/images/I/71L7Rr5uDLL._SR500,500_.jpg","OXO Good Grips 3 Piece Silicone Spatula Set, One Size, Multi, Multicolor",23.95,"OXO Good Grips 3 Piece Silicone Spatula Set, One Size, Multi, Multicolor"
Registry Product,Professional Metal Spatula for Cast Iron Skillets ...,"https://m.media-amazon.com/images/I/61+tL40kpzL._SR500,500_.jpg","Professional Metal Spatula for Cast Iron Skillets and Flat Top Grills, Full Tang Wooden Handle,1.8mm Thick Stainless Ste",13.47,"Professional Metal Spatula for Cast Iron Skillets and Flat Top Grills, Full Tang Wooden Handle,1.8mm Thick Stainless Steel Blade, Smash Burger Spatula Turner for Flipper, Cooking, BBQ, 4.7 x 2.7 Inch"
Registry Product,OXO Good Grips 12-Inch Stainless-Steel Locking Ton...,"https://m.media-amazon.com/images/I/5133h9+bFYL._SR500,500_.jpg",OXO Good Grips 12-Inch Stainless-Steel Locking Tongs,15.99,OXO Good Grips 12-Inch Stainless-Steel Locking Tongs
Registry Product,Cuisinart 76610-26G Chef's Classic 10-Quart Stockp...,"https://m.media-amazon.com/images/I/510ZdLA06PL._SR500,500_.jpg","Cuisinart 76610-26G Chef's Classic 10-Quart Stockpot with Glass Cover,Brushed Stainless",64.95,"Cuisinart 76610-26G Chef's Classic 10-Quart Stockpot with Glass Cover,Brushed Stainless"
Registry Product,"Vitamix 5200 Blender, Professional-Grade Blender f...","https://m.media-amazon.com/images/I/71LFQWt5nEL._SR500,500_.jpg","Vitamix 5200 Blender, Professional-Grade Blender for Smoothies, Soups, Ice Cream and More, Stainless-Steel Blades, Self-",444.99,"Vitamix 5200 Blender, Professional-Grade Blender for Smoothies, Soups, Ice Cream and More, Stainless-Steel Blades, Self-Cleaning Kitchen Appliance, 64 Oz Container, Black"
Registry Product,Ninja XL Air Fryer with MaxCrisp | 6.5 QT Capacity...,"https://m.media-amazon.com/images/I/719F0KSYZqL._SR500,500_.jpg","Ninja XL Air Fryer with MaxCrisp | 6.5 QT Capacity | 6-in-1 Max Crisp, Air Fry, Roast, Bake, Reheat & Dehydrate | 450°F ",177.99,"Ninja XL Air Fryer with MaxCrisp | 6.5 QT Capacity | 6-in-1 Max Crisp, Air Fry, Roast, Bake, Reheat & Dehydrate | 450°F Temp | 1750 Watts | Nonstick Basket, Crisper Plate & Recipe Guide | Grey | AF181"
Registry Product,"Cuisinart Smart Stick Two-Speed Hand Blender, Powe...","https://m.media-amazon.com/images/I/31quUVecMWS._SR500,500_.jpg","Cuisinart Smart Stick Two-Speed Hand Blender, Powerful Immersion Blender with 300-Watt Motor Blends Shakes, Smoothies, P",54.01,"Cuisinart Smart Stick Two-Speed Hand Blender, Powerful Immersion Blender with 300-Watt Motor Blends Shakes, Smoothies, Puree, Baby Food, Soups & Sauces, CSB-175SVP1, Silver"
Registry Product,"Made In Cookware | 3-Piece (Includes 8"",10"",12"") S...","https://m.media-amazon.com/images/I/61bc21zBl4L._SR500,500_.jpg","Made In Cookware | 3-Piece (Includes 8"",10"",12"") Stainless Frying Pan Set | 5 Ply Stainless Clad | Professional Cookware",299.0,"Made In Cookware | 3-Piece (Includes 8"",10"",12"") Stainless Frying Pan Set | 5 Ply Stainless Clad | Professional Cookware | Crafted in Italy | Induction Compatible"
Registry Product,USA Pan Bakeware Nonstick Extra Large Baking Sheet...,"https://m.media-amazon.com/images/I/71HpJ6Cnz5L._SR500,500_.jpg","USA Pan Bakeware Nonstick Extra Large Baking Sheet Pan, Aluminized Steel",27.95,"USA Pan Bakeware Nonstick Extra Large Baking Sheet Pan, Aluminized Steel"
Registry Product,Le Creuset Enameled Cast Iron Signature Deep Round...,"https://m.media-amazon.com/images/I/61Flf6KQQ7L._SR500,500_.jpg","Le Creuset Enameled Cast Iron Signature Deep Round Oven, 6.5 qt., Sea Salt",289.95,"Le Creuset Enameled Cast Iron Signature Deep Round Oven, 6.5 qt., Sea Salt"
Registry Product,Made In Cookware | 5 Quart Stainless Steel Saucier...,"https://m.media-amazon.com/images/I/51k3d42WGQL._SR500,500_.jpg",Made In Cookware | 5 Quart Stainless Steel Saucier Pan | 5 Ply Stainless Clad | Professional Cookware | Crafted in Italy,199.0,Made In Cookware | 5 Quart Stainless Steel Saucier Pan | 5 Ply Stainless Clad | Professional Cookware | Crafted in Italy | Induction Compatible
Registry Product,Utopia Kitchen White Flour Sack Towels [12 Pack - ...,"https://m.media-amazon.com/images/I/711gf8XH-CL._SR500,500_.jpg",Utopia Kitchen White Flour Sack Towels [12 Pack - 28 x 28 Inch] 100% Cotton Tea Towels for Cleaning & Drying - Highly Ab,17.98,Utopia Kitchen White Flour Sack Towels [12 Pack - 28 x 28 Inch] 100% Cotton Tea Towels for Cleaning & Drying - Highly Absorbent Kitchen Dish Cloth
Registry Product,Welhome Franklin 100% Cotton Popcorn Textured Towe...,"https://m.media-amazon.com/images/I/71oEGY5e09L._SR500,500_.jpg","Welhome Franklin 100% Cotton Popcorn Textured Towel Set - 6 Piece 600 GSM, Soft & Plush, 2 Bath Towels, 2 Hand Towels, 2",63.99,"Welhome Franklin 100% Cotton Popcorn Textured Towel Set - 6 Piece 600 GSM, Soft & Plush, 2 Bath Towels, 2 Hand Towels, 2 Washcloths, White"
Registry Product,"Libbey Gibraltar Drinking Glass Drinking Cup Set, ...","https://m.media-amazon.com/images/I/71gnqxBL9mL._SR500,500_.jpg","Libbey Gibraltar Drinking Glass Drinking Cup Set, Iconic Heavy Base Bar Glassware Thick Drinking Glasses Set of 12, 16-O",38.95,"Libbey Gibraltar Drinking Glass Drinking Cup Set, Iconic Heavy Base Bar Glassware Thick Drinking Glasses Set of 12, 16-Ounce Glass Tumbler"
Registry Product,"Winco 18"" French Whip, S/S","https://m.media-amazon.com/images/I/61fh48rozqL._SR500,500_.jpg","Winco 18"" French Whip, S/S",5.52,"Winco 18"" French Whip, S/S"
Registry Product,Joseph Joseph Twist Whisk 2-In-1 Collapsible Ballo...,"https://m.media-amazon.com/images/I/51E6XwaqdrL._SR500,500_.jpg","Joseph Joseph Twist Whisk 2-In-1 Collapsible Balloon and Flat Whisk Silicone Coated Steel Wire, Sky Blue",8.49,"Joseph Joseph Twist Whisk 2-In-1 Collapsible Balloon and Flat Whisk Silicone Coated Steel Wire, Sky Blue"
Registry Product,"YOSUKATA 13.5"" Carbon Steel Wok Pan – Pre-Seasoned...","https://m.media-amazon.com/images/I/71lRLbFndSL._SR500,500_.jpg","YOSUKATA 13.5"" Carbon Steel Wok Pan – Pre-Seasoned Flat Bottom Pow Wok for Stir Fry, BBQ, Grill & Camping – Traditional ",62.99,"YOSUKATA 13.5"" Carbon Steel Wok Pan – Pre-Seasoned Flat Bottom Pow Wok for Stir Fry, BBQ, Grill & Camping – Traditional Japanese Chinese Cookware – Compatible with Induction, Electric, Gas, Open Fire"
Registry Product,"American Red Cross Officially Licensed Product, La...","https://m.media-amazon.com/images/I/51SZfOmP78L._SR500,500_.jpg","American Red Cross Officially Licensed Product, Large Deluxe Auto First Aid Kit with Soft Case, Emergency Supplies to Cl",49.99,"American Red Cross Officially Licensed Product, Large Deluxe Auto First Aid Kit with Soft Case, Emergency Supplies to Clean & Treat Minor Injuries, Keep Hydrated & Warm"
Registry Product,"Simpli-Magic Cotton Shop Towels 14""x12"" (145 Pack)...","https://m.media-amazon.com/images/I/815ORwNWZML._SR500,500_.jpg","Simpli-Magic Cotton Shop Towels 14""x12"" (145 Pack) – Reusable Cleaning Shop Rags for Automobiles, Industries, Garage and",36.98,"Simpli-Magic Cotton Shop Towels 14""x12"" (145 Pack) – Reusable Cleaning Shop Rags for Automobiles, Industries, Garage and Homes (White)"
Registry Product,"Cuisinart Food Processor, 14-Cup Vegetable Food Ch...","https://m.media-amazon.com/images/I/71ktQE8jAhL._SR500,500_.jpg","Cuisinart Food Processor, 14-Cup Vegetable Food Chopper for Mincing, Dicing, Shredding, Puree & Kneading Dough, 720-Watt",278.99,"Cuisinart Food Processor, 14-Cup Vegetable Food Chopper for Mincing, Dicing, Shredding, Puree & Kneading Dough, 720-Watt Motor, Stainless Steel, DFP-14BCNY"
Registry Product,"OXO Good Grips Heavy Duty Garlic Press, Die-Cast Z...","https://m.media-amazon.com/images/I/41AoeZKpESL._SR500,500_.jpg","OXO Good Grips Heavy Duty Garlic Press, Die-Cast Zinc, Black",20.67,"OXO Good Grips Heavy Duty Garlic Press, Die-Cast Zinc, Black"
Registry Product,"8-Pack Reusable Silicone Food Storage Bags, 100% S...","https://m.media-amazon.com/images/I/618UqoEzZUL._SR500,500_.jpg","8-Pack Reusable Silicone Food Storage Bags, 100% Silicone Stand-Up Wide-Open Zip-Lock Reusable Storage Bags for Food, Fr",25.99,"8-Pack Reusable Silicone Food Storage Bags, 100% Silicone Stand-Up Wide-Open Zip-Lock Reusable Storage Bags for Food, Freezer Microwave Oven Dishwasher Safe, Aqua, 4S 4XS"
Registry Product,OXO Good Grips Salad Spinner | Lettuce Spinner | F...,"https://m.media-amazon.com/images/I/818Y0pTgRrL._SR500,500_.jpg",OXO Good Grips Salad Spinner | Lettuce Spinner | Fruit Washer | Fruit Washing Bowl with Strainer | Vegetable Cleaner | S,32.95,OXO Good Grips Salad Spinner | Lettuce Spinner | Fruit Washer | Fruit Washing Bowl with Strainer | Vegetable Cleaner | Salad Cleaner | Lettuce Washer | 6.22 Quart Capacity
Registry Product,Food Scale -33lb Digital Kitchen Scale for Food Ou...,"https://m.media-amazon.com/images/I/71lxKyRU26L._SR500,500_.jpg","Food Scale -33lb Digital Kitchen Scale for Food Ounces Grams Rechargeable 304 Stainless Steel,Batteries and Type-C Charg",17.98,"Food Scale -33lb Digital Kitchen Scale for Food Ounces Grams Rechargeable 304 Stainless Steel,Batteries and Type-C Charging | Perfect for Meal Prep, Cooking, and Baking, Black"
Registry Product,Pampered Chef Measure All Cup 2225 - Adjustable Pl...,"https://m.media-amazon.com/images/I/41BApuc4Z6L._SR500,500_.jpg","Pampered Chef Measure All Cup 2225 - Adjustable Plunger Design, Clear Measuring Cup",27.0,"Pampered Chef Measure All Cup 2225 - Adjustable Plunger Design, Clear Measuring Cup"
Registry Product,"Pyrex 6-Ounce Custard Cups, Set of 4","https://m.media-amazon.com/images/I/61WzrFCi+7L._SR500,500_.jpg","Pyrex 6-Ounce Custard Cups, Set of 4",16.9,"Pyrex 6-Ounce Custard Cups, Set of 4"
Registry Product,NEBO Big Larry 3 Work Light | Alkaline Batteries I...,"https://m.media-amazon.com/images/I/61C3MNRBl2L._SR500,500_.jpg","NEBO Big Larry 3 Work Light | Alkaline Batteries Included, 600 Lumens, 7 Light Modes, Magnetic COB Task Lamp & LED Flash",17.0,"NEBO Big Larry 3 Work Light | Alkaline Batteries Included, 600 Lumens, 7 Light Modes, Magnetic COB Task Lamp & LED Flashlight, Steel Pocket Clip, Hands-Free Use, Water Resistant"
Registry Product,Stainless Steel Fish Spatula Set – 1 Large Fish Tu...,"https://m.media-amazon.com/images/I/71fF6EcekGL._SR500,500_.jpg","Stainless Steel Fish Spatula Set – 1 Large Fish Turner + 1 Small Metal Spatula, Ultra Thin Edge for Easy Turning & Flipp",34.99,"Stainless Steel Fish Spatula Set – 1 Large Fish Turner + 1 Small Metal Spatula, Ultra Thin Edge for Easy Turning & Flipping, Metal Kitchen Untensils with Ergonomic Non-Slip Handle, Dishwasher Safe"
Registry Product,"American Black Walnut Cutting Board - 19.7"" x 12.2...","https://m.media-amazon.com/images/I/81iqY7ZjPUL._SR500,500_.jpg","American Black Walnut Cutting Board - 19.7"" x 12.2"" (ExtraThick 1.7"") Hardwood Butcher Block, Charcuterie, Heavy Duty En",124.99,"American Black Walnut Cutting Board - 19.7"" x 12.2"" (ExtraThick 1.7"") Hardwood Butcher Block, Charcuterie, Heavy Duty End Grain Wood Chopping Board with Juice Groove & Handles (Oil & Plate Included)"
Registry Product,ZWILLING Four Star 7-pc Knife Block Set,"https://m.media-amazon.com/images/I/61yD1Mu8HKL._SR500,500_.jpg",ZWILLING Four Star 7-pc Knife Block Set,219.95,ZWILLING Four Star 7-pc Knife Block Set
Registry Product,Duralex Made In France Lys Stackable 9-Piece Glass...,"https://m.media-amazon.com/images/I/61VXy5D9KNL._SR500,500_.jpg","Duralex Made In France Lys Stackable 9-Piece Glass Bowl Set,Clear",59.95,"Duralex Made In France Lys Stackable 9-Piece Glass Bowl Set,Clear"
Registry Product,Victorinox Swiss Classic Tomato and Table Knife Se...,"https://m.media-amazon.com/images/I/514yfmlR9yL._SR500,500_.jpg","Victorinox Swiss Classic Tomato and Table Knife Set for Everyday Family Dining Serrated Blade in Black, Set of 6",38.27,"Victorinox Swiss Classic Tomato and Table Knife Set for Everyday Family Dining Serrated Blade in Black, Set of 6"
Registry Product,KitchenAid 5 Ultra Power Speed Hand Mixer - KHM512...,"https://m.media-amazon.com/images/I/61diuHxtr-L._SR500,500_.jpg","KitchenAid 5 Ultra Power Speed Hand Mixer - KHM512, Ice Blue",44.99,"KitchenAid 5 Ultra Power Speed Hand Mixer - KHM512, Ice Blue"
Registry Product,Kenmore CU7005 Litening 24V Cordless Upright Vacuu...,"https://m.media-amazon.com/images/I/61wkp6ul1WL._SR500,500_.jpg","Kenmore CU7005 Litening 24V Cordless Upright Vacuum with Lift-Up & Hair Eliminator Nozzle, Brushless Motor, Up to 80 Min",328.99,"Kenmore CU7005 Litening 24V Cordless Upright Vacuum with Lift-Up & Hair Eliminator Nozzle, Brushless Motor, Up to 80 Mins of Runtime, HEPA Filter & LED Display for Carpets, Hard Floor & Pets, White"
Registry Product,"Instant Pot Duo 7-in-1 Electric Pressure Cooker, S...","https://m.media-amazon.com/images/I/71Z401LjFFL._SR500,500_.jpg","Instant Pot Duo 7-in-1 Electric Pressure Cooker, Slow Cooker, Rice, Steamer, Sauté, Yogurt Maker, Warmer & Sterilizer, I",109.99,"Instant Pot Duo 7-in-1 Electric Pressure Cooker, Slow Cooker, Rice, Steamer, Sauté, Yogurt Maker, Warmer & Sterilizer, Includes App With Over 800 Recipes, Stainless Steel, 6 Quart"
Registry Product,FAAY 11.5 Inch Teak Wood Spatula/Turner for RIGHT ...,"https://m.media-amazon.com/images/I/510syG+nDjL._SR500,500_.jpg","FAAY 11.5 Inch Teak Wood Spatula/Turner for RIGHT Hand | Versatile Spatula, Durable, Healthy and High Moist Resistance f",8.99,"FAAY 11.5 Inch Teak Wood Spatula/Turner for RIGHT Hand | Versatile Spatula, Durable, Healthy and High Moist Resistance for Non Stick Cookware"
Registry Product,KitchenAid Classic Series 4.5 Quart Tilt-Head Stan...,"https://m.media-amazon.com/images/I/51jpWoprCvL._SR500,500_.jpg","KitchenAid Classic Series 4.5 Quart Tilt-Head Stand Mixer K45SS, White",299.95,"KitchenAid Classic Series 4.5 Quart Tilt-Head Stand Mixer K45SS, White"
Registry Product,"Step Stool Foldable, Folding Wooden Step Ladder, M...","https://m.media-amazon.com/images/I/61VXMtvyfdL._SR500,500_.jpg","Step Stool Foldable, Folding Wooden Step Ladder, Multi-Use As Counter Chair/Kitchen Cabinet Stool Ladder/Closet Stool et",57.99,"Step Stool Foldable, Folding Wooden Step Ladder, Multi-Use As Counter Chair/Kitchen Cabinet Stool Ladder/Closet Stool etc. Scientific Stable Structure, Helpful Step Stool for Home (2 Step-Nature)"
Registry Product,"Pmssypl 4 airtight glass lunch boxes with lids, gl...","https://m.media-amazon.com/images/I/61eF7WUr7XL._SR500,500_.jpg","Pmssypl 4 airtight glass lunch boxes with lids, glass food storage containers, and airtight lunch boxes that can be used",0.0,"Pmssypl 4 airtight glass lunch boxes with lids, glass food storage containers, and airtight lunch boxes that can be used in the microwave, refrigerator, and dishwasher. (Transparent white)"
Registry Product,Pmssypl 4-Piece Glass Food Storage Container Set w...,"https://m.media-amazon.com/images/I/71JtKkE8jrL._SR500,500_.jpg","Pmssypl 4-Piece Glass Food Storage Container Set with Secure Locking Lids, Transparent Blue, Microwave, Oven, Freezer, a",0.0,"Pmssypl 4-Piece Glass Food Storage Container Set with Secure Locking Lids, Transparent Blue, Microwave, Oven, Freezer, and Dishwasher Safe"
Registry Product,"Pyrex Basics 3-Pack Glass Baking Dish Set (2QT, 3Q...","https://m.media-amazon.com/images/I/71iMkoGm2XL._SR500,500_.jpg","Pyrex Basics 3-Pack Glass Baking Dish Set (2QT, 3QT, 4.8QT) With BPA-Free Lids, Rectangular Glass Bakeware, Dishwasher, ",0.0,"Pyrex Basics 3-Pack Glass Baking Dish Set (2QT, 3QT, 4.8QT) With BPA-Free Lids, Rectangular Glass Bakeware, Dishwasher, Microwave, Freezer & Pre-Heated Oven Safe"
