full_title,price
"Bayting Bamboo Drawer Organizer Set, 5-Piece Storage Trays for Kitchen, Bathroom, Office Desk, Makeup & Junk Drawers,Utensils",19.99
"Norme 5 Quart Stainless Steel Silver Colander and 3 Pcs Silver Fine Mesh Strainer, Stainless Steel Pasta Rice Food Metal Strainer with Handles, Easy Clean and Dishwasher Safe",26.99
"Winco Stainless Steel Ladle, 8-Ounce",9.93
"Silicone Freezer Trays with Lids, 1-Cup Soup Container Style Ice Cube Trays for Freezer - Leakproof, Dishwasher,Oven Safe, Stackable, Ideal for Frozen Broth, Leftovers & Meal Prep, BPA Free 2 Pack",13.99
"Energizer Power Plus Rechargeable AAA Batteries (4 Pack), 800mAh Triple A Batteries",9.29
"Energizer Recharge Pro Rechargeable AAA and AA Battery Charger With 4 NiMh Rechargeable AA Batteries, Provides a Full Charge in 3 Hours",16.99
ZIKIBL Stone Bath Mat Diatomaceous Earth Shower Mat Non-Slip Super Absorbent Diatomite Stone Mats for Bathroom Floor Quick-Drying Easy to Clean (24''*16'' Grey),29.99
"KIVY Large Butter Dish with Lid - Fits 2 Butter Sticks and Wider Sizes (Kerrygold, European Styles, Eastern, Western) - 2 Stick Butter Dish - Glass & Bamboo",25.99
"SupMaKin Upgrade Safe Mandoline Slicer, Multi Vegetable Chopper, Potato Slicer, Vegetables Slicer Onion Chopper Fry Cutter, Kitchen Chopping Artifact (GrayWhite)",49.99
"ThermoMaven Professional Meat Thermometer Digital, Ultra-Fast 0.5 Sec Instant Read, NIST Certified ±0.5°F Accuracy, IP67 Waterproof, Auto-Rotating Backlit Display, Lift-to-Wake, for BBQ/Cooking/Candy",29.99
"OXO Good Grips 3 Piece Silicone Spatula Set, One Size, Multi, Multicolor",23.95
"Professional Metal Spatula for Cast Iron Skillets and Flat Top Grills, Full Tang Wooden Handle,1.8mm Thick Stainless Steel Blade, Smash Burger Spatula Turner for Flipper, Cooking, BBQ, 4.7 x 2.7 Inch",13.47
OXO Good Grips 12-Inch Stainless-Steel Locking Tongs,15.99
"USA Pan Bakeware Nonstick Extra Large Baking Sheet Pan, Aluminized Steel",27.95
Utopia Kitchen White Flour Sack Towels [12 Pack - 28 x 28 Inch] 100% Cotton Tea Towels for Cleaning & Drying - Highly Absorbent Kitchen Dish Cloth,17.98
"Libbey Gibraltar Drinking Glass Drinking Cup Set, Iconic Heavy Base Bar Glassware Thick Drinking Glasses Set of 12, 16-Ounce Glass Tumbler",38.95
"Winco 18"" French Whip, S/S",5.52
"Joseph Joseph Twist Whisk 2-In-1 Collapsible Balloon and Flat Whisk Silicone Coated Steel Wire, Sky Blue",8.49
"American Red Cross Officially Licensed Product, Large Deluxe Auto First Aid Kit with Soft Case, Emergency Supplies to Clean & Treat Minor Injuries, Keep Hydrated & Warm",49.99
"Simpli-Magic Cotton Shop Towels 14""x12"" (145 Pack) – Reusable Cleaning Shop Rags for Automobiles, Industries, Garage and Homes (White)",36.98
"OXO Good Grips Heavy Duty Garlic Press, Die-Cast Zinc, Black",20.67
"8-Pack Reusable Silicone Food Storage Bags, 100% Silicone Stand-Up Wide-Open Zip-Lock Reusable Storage Bags for Food, Freezer Microwave Oven Dishwasher Safe, Aqua, 4S 4XS",25.99
OXO Good Grips Salad Spinner | Lettuce Spinner | Fruit Washer | Fruit Washing Bowl with Strainer | Vegetable Cleaner | Salad Cleaner | Lettuce Washer | 6.22 Quart Capacity,32.95
"Food Scale -33lb Digital Kitchen Scale for Food Ounces Grams Rechargeable 304 Stainless Steel,Batteries and Type-C Charging | Perfect for Meal Prep, Cooking, and Baking, Black",17.98
"Pampered Chef Measure All Cup 2225 - Adjustable Plunger Design, Clear Measuring Cup",27.0
"Pyrex 6-Ounce Custard Cups, Set of 4",16.9
"NEBO Big Larry 3 Work Light | Alkaline Batteries Included, 600 Lumens, 7 Light Modes, Magnetic COB Task Lamp & LED Flashlight, Steel Pocket Clip, Hands-Free Use, Water Resistant",17.0
"Stainless Steel Fish Spatula Set – 1 Large Fish Turner + 1 Small Metal Spatula, Ultra Thin Edge for Easy Turning & Flipping, Metal Kitchen Untensils with Ergonomic Non-Slip Handle, Dishwasher Safe",34.99
"Victorinox Swiss Classic Tomato and Table Knife Set for Everyday Family Dining Serrated Blade in Black, Set of 6",38.27
"KitchenAid 5 Ultra Power Speed Hand Mixer - KHM512, Ice Blue",44.99
"FAAY 11.5 Inch Teak Wood Spatula/Turner for RIGHT Hand | Versatile Spatula, Durable, Healthy and High Moist Resistance for Non Stick Cookware",8.99
"Pmssypl 4 airtight glass lunch boxes with lids, glass food storage containers, and airtight lunch boxes that can be used in the microwave, refrigerator, and dishwasher. (Transparent white)",0.0
"Pmssypl 4-Piece Glass Food Storage Container Set with Secure Locking Lids, Transparent Blue, Microwave, Oven, Freezer, and Dishwasher Safe",0.0
"Pyrex Basics 3-Pack Glass Baking Dish Set (2QT, 3QT, 4.8QT) With BPA-Free Lids, Rectangular Glass Bakeware, Dishwasher, Microwave, Freezer & Pre-Heated Oven Safe",0.0
